startnumber,firstname,lastname,lane,state
001,Name1,Nachname_01,1,30
002,Name2,Nachname_02,1,30
003,Name3,Nachname_03,1,30
004,Name4,Nachname_04,1,30
005,Name5,Nachname_05,1,30
006,Name6,Nachname_06,1,30
007,Name7,Nachname_07,1,30
008,Name8,Nachname_08,1,30
009,Name9,Nachname_09,1,30
010,Name10,Nachname_10,1,30
011,Name11,Nachname_11,1,30
012,Name12,Nachname_12,1,30
013,Name13,Nachname_13,1,30
014,Name14,Nachname_14,1,30
015,Name15,Nachname_15,1,30
016,Name16,Nachname_16,1,30
017,Name17,Nachname_17,1,30
018,Name18,Nachname_18,1,30
019,Name19,Nachname_19,1,30
020,Name20,Nachname_20,1,30
021,Name21,Nachname_21,1,30
022,Name22,Nachname_22,1,30
023,Name23,Nachname_23,1,30
024,Name24,Nachname_24,1,30
025,Name25,Nachname_25,1,30
026,Name26,Nachname_26,1,30
027,Name27,Nachname_27,1,30
028,Name28,Nachname_28,1,30
029,Name29,Nachname_29,1,30
030,Name30,Nachname_30,1,30
031,Name31,Nachname_31,1,30
032,Name32,Nachname_32,1,30
033,Name33,Nachname_33,1,30
034,Name34,Nachname_34,1,30
035,Name35,Nachname_35,1,30
036,Name36,Nachname_36,1,30
037,Name37,Nachname_37,1,30
038,Name38,Nachname_38,1,30
039,Name39,Nachname_39,1,30
040,Name40,Nachname_40,1,30
041,Name41,Nachname_41,1,30
042,Name42,Nachname_42,1,30
043,Name43,Nachname_43,1,30
044,Name44,Nachname_44,1,30
045,Name45,Nachname_45,1,30
046,Name46,Nachname_46,1,30
047,Name47,Nachname_47,1,30
048,Name48,Nachname_48,1,30
049,Name49,Nachname_49,1,30
050,Name50,Nachname_50,1,30
051,Name51,Nachname_51,1,30
052,Name52,Nachname_52,1,30
053,Name53,Nachname_53,1,30
054,Name54,Nachname_54,1,30
055,Name55,Nachname_55,1,30
056,Name56,Nachname_56,1,30
057,Name57,Nachname_57,1,30
058,Name58,Nachname_58,1,30
059,Name59,Nachname_59,1,30
060,Name60,Nachname_60,1,30
061,Name61,Nachname_61,1,30
062,Name62,Nachname_62,1,30
063,Name63,Nachname_63,1,30
064,Name64,Nachname_64,1,30
065,Name65,Nachname_65,1,30
066,Name66,Nachname_66,1,30
067,Name67,Nachname_67,1,30
068,Name68,Nachname_68,1,30
069,Name69,Nachname_69,1,30
070,Name70,Nachname_70,1,30
071,Name71,Nachname_71,1,30
072,Name72,Nachname_72,1,30
073,Name73,Nachname_73,1,30
074,Name74,Nachname_74,1,30
075,Name75,Nachname_75,1,30
076,Name76,Nachname_76,1,30
077,Name77,Nachname_77,1,30
078,Name78,Nachname_78,1,30
079,Name79,Nachname_79,1,30
080,Name80,Nachname_80,1,30
081,Name81,Nachname_81,1,30
082,Name82,Nachname_82,1,30
083,Name83,Nachname_83,1,30
084,Name84,Nachname_84,1,30
085,Name85,Nachname_85,1,30
086,Name86,Nachname_86,1,30
087,Name87,Nachname_87,1,30
088,Name88,Nachname_88,1,30
089,Name89,Nachname_89,1,30
090,Name90,Nachname_90,1,30
091,Name91,Nachname_91,1,30
092,Name92,Nachname_92,1,30
093,Name93,Nachname_93,1,30
094,Name94,Nachname_94,1,30
095,Name95,Nachname_95,1,30
096,Name96,Nachname_96,1,30
097,Name97,Nachname_97,1,30
098,Name98,Nachname_98,1,30
099,Name99,Nachname_99,1,30
100,Name100,Nachname_100,1,30
101,Name101,Nachname_101,1,30
102,Name102,Nachname_102,1,30
103,Name103,Nachname_103,1,30
104,Name104,Nachname_104,1,30
105,Name105,Nachname_105,1,30
106,Name106,Nachname_106,1,30
107,Name107,Nachname_107,1,30
108,Name108,Nachname_108,1,30
109,Name109,Nachname_109,1,30
110,Name110,Nachname_110,1,30
111,Name111,Nachname_111,1,30
112,Name112,Nachname_112,1,30
113,Name113,Nachname_113,1,30
114,Name114,Nachname_114,1,30
115,Name115,Nachname_115,1,30
116,Name116,Nachname_116,1,30
117,Name117,Nachname_117,1,30
118,Name118,Nachname_118,1,30
119,Name119,Nachname_119,1,30
120,Name120,Nachname_120,1,30
